http://extremescoffee.com/,- EMPTY -,Branded_campaign,chumba casino
www.extremescoffeecasino.com/exclusive-mob/extremescoffee-Elite-Lounge.htm,- EMPTY -,Brand_awareness,casino royale
www.extremescoffeesport.com/,www.gamehub.com,44437,casino
www.extremescoffeecasino.com/,www.google.com,47222,casino near me
www.extremescoffeecasino.com/media/CQfreeplay.htm,www.safe-cashier.com,45624,ignition casino
www.extremescoffeecasino.com/exclusive-mob/starburst-hot.htm,navigation-center.com,casual_gaming_cmp,hollywood casino
www.extremescoffeecasino.it/,gamehub.com,47120,casino world
www.extremescoffeepoker.com/poker-client/client-exit.htm,s.opoxv.com,1070490extremeC32__,online casino
ru.motorgaming.com/poker-client/offer.htm,cashier.extgosys.net,15259extremeC296__,hard rock casino
www.extremescoffeesport.es/,www.navigation-center.com,6273755,cafe casino
www.extremescoffeecasino.com/exclusive-mob/extremescoffee-Lounge.htm,cgp.safe-iplay.com,10705743554__,morongo casino
play-www.extremescoffee.com/,www.google.co.uk,244858684__,rivers casino
www.extremescoffeecasino.es/,www.extremescoffeeuk.com,cmp84970051__,doubledown casino
www.extremescoffeecasino.com/regulation/mytopia/,mestredodesporto.com,14cmp077403_CQ_Ladies_M_UK_Br_A_Br_71700000075231511,parx casino
br.extremescoffeecasino.com/exclusive-mob/starburst-hot.htm,m.facebook.com,Casino+RO+WEB,san manuel casino
www.extremescoffeecasino.ro/,www.onlinepersonalmessages.com,extremeC8Casino_CQ_Conversions_Web,cherokee casino
www.extremescoffeeladies.com/client/,www.extremescoffee.com,6750746,winstar casino
ru.motorgaming.com/poker-client/client-exit.htm,tp8extgo-static.casinomodule.com,8300042585__,raging bull casino
www.CQslots.com/,com.google.android.gm,10875947,casino movie
www.extremescoffeesport.it/,www.king-sound.com,46012,wild casino
new-www.extremescoffeesport.com/,g4x.co,ACQ+-+Casino+ES+WEB,gun lake casino
casino-www.extremescoffeepoker.com/cip/,engine.spotscenered.info,2044217241__,horseshoe casino
casino.extremescoffee.CQ/sem/Double-offer.htm,youtube.com,47225,pala casino
casino-www.extremescoffeesport.com/,hubgamesgib.pariplaygames.com,Branding+WEB+Conversions+2018,firekeepers casino
www.CQextreme.com/client/,lp.betingonnet.com,cmp92914303_CQ_8Cas_M_CQ_Br_AB_Br_71700000047750720,doubleu casino
www.extremescoffeecasino.es/sem/20-reg-offer.htm,es.gamehub.com,%kio_id=!;,free casino games
www.costaextreme.com/client/,syndication.realsrv.com,8294cmp9514__,spirit mountain casino
www.extremescoffeepoker.es/poker-promotions/poker-online/sem/double/,www.extg.com,cmp84970324__,red rock casino
www.extremescoffeecasino.es/cip/,rgs.gameiom.com,10704961119__,planet 7 casino
www.extremescoffeecasino.com/exclusive-mob/live-double-70.htm,de.extremescoffeecasino.com,11082081740__,luckyland casino
www.extremescoffeepoker.com/specials/poker8-welcome100-ca/,lp.clevernetwork.pt,101715,casino games
casino-www.extremescoffeepoker.com/,www.google.it,46024,live casino
www.extremescoffeesport.ro/,s.optnx.com,${INSERTION_ORDER_ID},harrahs casino
www.extremescoffeecasino.com/media/irish-riches-depoffer.htm,rt.gamehub.com,2044217244__,choctaw casino
slots.extremescoffeewetten.de/,mcasino.extremescoffeesport.com,cmp92914309_CQ_8Cas_M_CQ_Br_AB_Umb_71700000047750726,ameristar casino
www.extremescoffeecasino.com/exclusive-mob/double-offer.htm,d19h7q92ya6ec9.cloudfront.net,10704961125__,miami club casino
play-www.extremescoffee.com/play/,com.google.android.googlequicksearchbox,Branding+WEB+VMS,red dog casino
www.extremescoffeecasino.com/slots/,nrgs-b2b.gg.greentube.com,11257500,extremescoffee casino
www.extremescoffeecasino.se/,platform.gi.rgsgames.com,1937870355__,pechanga casino
www.extremescoffeesport.com/de/,www.safe-cashier.pt,1715253728__,grand casino
es.extremescoffeepoker.com/poker-client/offer.htm,www.google.nl,8486556,clams casino
www.extremescoffee.com/,www.google.es,Casino_SE_Web_Acquisition,drake casino
www.extremescoffeepoker.com/,www.cqextgo.com,Web_PC_Acquisition_oAOPI,zone casino
www.extremescoffeecasino.se/media/100welcomebonus.htm,nrgs-b2b.greentube.com,15259extremeC104__,four winds casino
www.extremescoffeecasino.com/live-casino/,dub-cgp.safe-iplay.com,10734452,doubledown casino codes
play-www.extremescoffee.com/game/daily-win/,www.google.ca,145074124__,foxwoods casino
www.extremescoffeecasino.es/sem/20-7-double-offer.htm,spotscenered.info,80450cmp931__,chumash casino
casino.extremescoffee.CQ/,gib-resource.wimobile.casinarena.com,8294cmp9571__,zitobox casino
www.costaextreme.com/,gserver-extgoextremescoffee.redtiger.cash,47239,turning stone casino
fr.extremescoffeepoker.com/poker-client/offer.htm,bus.clevernt.com,1978542469__,double down casino
www.extremescoffeepoker.com/poker-client/offer.htm,www.extremescoffee.es,8049593975__,blue chip casino
br.extremescoffeepoker.com/poker-client/offer.htm,cn.gamehub.com,cmp92914300_CQ_8Cas_TabPC_CQ_Br_AB_Br_71700000047749814,mystic lake casino
www.extremescoffeecasino.it/live-casino/,www.spilxperten.com,Bet£10Get£30,live social casino
ca.extremescoffeecasino.com/,opoxv.com,14cmp077403__,gsn casino
www.extremescoffeecasino.it/slot-machine/,d3shqtbb44d1nx.cloudfront.net,15259extremeC287__,casino 1995
www.extremescoffeecasino.com/claim/bonus-claim-new/,mc-extremescoffeeuk.safe-iplay.com,9766274298__,casino arizona
www.extremescoffeecasino.com/sem/double-offer.htm,www.extremescoffee.it,1749196282_CQ_8Cas_M_SE_Br_A_Umb_71700000051760468,wind creek casino
de.extremescoffeecasino.com/exclusive-mob/starburst-hot.htm,www.extremescoffeeladies.com,9808591333__,palace casino
www.extremescoffeecasino.com/exclusive-mob/200-500-casino.htm,atharori.net,363630221_CQ_extremeC8poker_UK_Brand_G+S_Brand_TabPC_EPB_71700000051534380,downstream casino
www.extremescoffeeladies.com/,www.extremescoffeesport.com,cmp86015253__,lincoln casino
www.extremescoffeepoker.com/poker-promotions/new-app-celebration/,extgosys.net,Costaextreme_UK_Web_ACQ_CBO,seneca niagara casino
ru.extremescoffeepokerfun.com/poker-client/client-exit.htm,hubgamesgibci.pariplaygames.com,10449403614__,casino royale cast
www.extremescoffeesport.dk/,www.marketingonweb1.net,14cmp077409_CQ_Ladies_PC_UK_Br_A_Br_71700000075055715,big fish casino
www.extremescoffeesport.es/apuestas-en-vivo/,ma.personalinfoonline.com,cmp92914306_CQ_8Cas_TabPC_CQ_Br_AB_Umb_71700000047750723,commerce casino
www.extremescoffeepoker.ro/poker-client/offer.htm,otnolatrnup.com,2083075594_CQ_extremeCextreme_ES_Brand_extremeCextreme_MOB_71700000073209782,casino royale 1967
br.extremescoffeepoker.com/poker-client/client-exit.htm,d21j22mhfwmuah.cloudfront.net,extremeCextreme_UK_Up+for+8,riverside casino
localhost/cip,grt-gib.pariplaygames.com,9485047356__,soaring eagle casino
www.extremescoffeesport.it/live/,staticlivegib.yggdrasilgaming.com,91258469_CQ_8Cas_+M+_UK_Br_AB_Br_71700000069210602,tulalip casino
www.extremescoffeepoker.com/specials/poker8-welcome100-uk/,extremescoffee-external-en.custhelp.com,1749196270_CQ_8Cas_M_SE_Br_A_Br_71700000051760087,mohegan sun casino
de.extremescoffeecasino.com/,www.secure-deposit.com,cmp92914147_CQ_8Cas_M_CQ_Gen_AB_Gen_71700000047750264,greektown casino
www.extremescoffeecasino.dk/,safe-iplay.com,1848702714,high 5 casino
www.extremescoffeecasino.ro/cip/,www.extremescoffeecasino.com,1979017182__,soboba casino
www.CQslots.com/all-slots,content.blueprintgaming.gi,10705743551__,emerald queen casino
www.CQextreme.com/,yandex.ru,cmp85233084__,desert diamond casino
www.extremescoffeesport.se/,www.extremescoffee.ro,extremeCextreme_ES_Conversions_All_Porra+8,wildhorse casino
poker.extremescoffeesport.com/,xbid-prod.googleusercontent.com,UK_Costa+extreme_Web_Conversions,sycuan casino
www.extremescoffeecasino.com/sem/double-offer100.htm,es.redtube.com,1056929274__,turning stone online casino
www.extremescoffeepoker.es/poker-promotions/new-app-celebration/,ogs-gcm-eu-prod.nyxop.net,326866362_CQ_8Cas_D_ES_Br_A_Br_71700000064000034,red hawk casino
ru.extremescoffeepokerfun.com/,www.google.de,2004351812_CQ_8Cas_All_CQ_Gen_AB_Comp_71700000053129cmp2,bovada casino
ru.extremescoffeepokerfun.com/specials/poker8-newextremescoffee-ru/,nyxgib-game.thunderkick.com,8296040634__,red stag casino
www.extremescoffeesport.com/online-sports-betting-promotions/,www.google.ro,1937867421__,lucky eagle casino
www.extremescoffeecasino.com/exclusive-mob/double-70.htm,pl.gamehub.com,cmp5extremeC76377__,borgata online casino
www.extremescoffeepoker.com/poker-promotions/,ad.doubleclick.net,1895348530_CQ_8Cas_M_SE_Gen_A_Comp_71700000052510915,graton casino
www.extremescoffeesport.com/live-betting/,acdn.adnxs.com,1715253731__,viejas casino
play-www.extremescoffee.com/casino-games/online-slots/,syndication.dynsrvwer.com,1159696537_CQ_extremescoffeeuk_M_UK_Br_A_Br_71700000045536244,black oak casino
www.extremescoffeepoker.ro/sem/online-poker/generic-welcome/,pariplaygames.com,8300042387__,codes for doubledown casino
es.extremescoffeepoker.com/poker-client/client-exit.htm,play-www.extremescoffeeuk.com,2073715869__,snoqualmie casino
www.extremescoffeecasino.com/exclusive-mob/roulette-double-70.htm,static-generic.isoftbet-aldn.com,47197,betfair casino
www.extremescoffeepoker.es/,rich.personalinfoonline.com,9395837922__,gta 5 casino
www.extremescoffeecasino.es/ruleta-en-vivo/,www.extremescoffee.pt,2073715875__,ilani casino
casino-ru.extremescoffeepoker.com/cip/,www.extremescoffeecasino.es,cmp84970567__,little creek casino
jp.extremescoffeepoker.com/poker-client/offer.htm,www.extremescoffeesport.es,cmp86015256__,northern lights casino
mcasino.extremescoffeesport.com/,play.eyecongames.com,90687174_CQ_8Cas_+TabPC+_UK_Br_AB_Br_71700000069474906,twin river casino
mmwebhandler.aff-online.com/c/42492,pariplay-gi.pragmaticplay.net,cmp85232958__,black bear casino
www.extremescoffeepoker.com/claim/general-claim/,l.facebook.com,9955846980,turning stone casino online
www.extremescoffeecasino.dk/sem/1337bonus.htm,ogs-game.thunderkick.com,11125586135__,little river casino
ca.extremescoffeecasino.com/exclusive-mob/offer-70-canada.htm,syndication.dynsrvtbg.com,1749196276_CQ_8Cas_M_SE_Gen_A_Gen_71700000051760093,jackpot casino
www.extremescoffeecasino.ro/sem/70bonus.htm,casino-www.extremescoffeesport.com,91156extremeC042_CQ_extremescoffeeuk_ALL_UK_Gen_A_extremescoffeeuk_71700000062322extremeC4,barona casino
ru.extremescoffeecasino-game.com/exclusive-mob/extremescoffee-Elite-Lounge.htm,casino-www.extremescoffeepoker.com,cmp86015271__,posh casino
casino.extremescoffee.CQ/cip/,m.extremescoffee.be,9767218297__,caesars casino